<?xml version="1.0" encoding="UTF-8"?>
<!DOCTYPE suite SYSTEM "http://testng.org/testng-1.0.dtd">

<suite name="Suite" preserve-order="true" parallel="false">
    <test thread-count="1" name="Test for BP_1 (PayPal)">
        <classes>
            <class name="Bp_Company_connection_and_PayPal_payment_system">
            </class>
        </classes>
    </test>
    <test name="Test for BP_2 (Stripe)">
        <classes>
            <class name="Bp_Connection_Stripe_payment_system">
            </class>
        </classes>
    </test>
    <test name="Test for BP_3 (Plans)">
        <classes>
            <class name="Bp_Plans_test">
            </class>
        </classes>
    </test>


</suite>